id,ident,type,name,latitude_deg,longitude_deg,elevation_ft,continent,iso_country,iso_region,municipality,scheduled_service,gps_code,iata_code,local_code,home_link,wikipedia_link,keywords
16091,KABQ,large_airport,Albuquerque International Sunport,35.040199,-106.609001,5355,NA,US,US-NM,Albuquerque,yes,KABQ,ABQ,ABQ,http://www.abqsunport.com/,http://en.wikipedia.org/wiki/Albuquerque_International_Sunport,
3364,KADW,large_airport,Joint Base Andrews,38.810799,-76.866997,280,NA,US,US-MD,Camp Springs,no,KADW,ADW,ADW,http://www.jba.af.mil/,http://en.wikipedia.org/wiki/Joint_Base_Andrews,Andrews Air Force Base
3366,KAFW,large_airport,Fort Worth Alliance Airport,32.98759842,-97.31880188,722,NA,US,US-TX,Fort Worth,no,KAFW,AFW,AFW,http://www.allianceairport.com/,http://en.wikipedia.org/wiki/Fort_Worth_Alliance_Airport,
3368,KAGS,large_airport,Augusta Regional At Bush Field,33.36989975,-81.96450043,144,NA,US,US-GA,Augusta,yes,KAGS,AGS,AGS,,http://en.wikipedia.org/wiki/Augusta_Regional_Airport,
3377,KAMA,large_airport,Rick Husband Amarillo International Airport,35.219398,-101.706001,3607,NA,US,US-TX,Amarillo,yes,KAMA,AMA,AMA,http://airport.amarillo.gov/,http://en.wikipedia.org/wiki/Rick_Husband_Amarillo_International_Airport,
3384,KATL,large_airport,Hartsfield Jackson Atlanta International Airport,33.6367,-84.428101,1026,NA,US,US-GA,Atlanta,yes,KATL,ATL,ATL,http://www.atlanta-airport.com/,https://en.wikipedia.org/wiki/Hartsfieldâ€“Jackson_Atlanta_International_Airport,
3386,KAUS,large_airport,Austin Bergstrom International Airport,30.19449997,-97.66989899,542,NA,US,US-TX,Austin,yes,KAUS,AUS,AUS,http://www.ci.austin.tx.us/austinairport/,http://en.wikipedia.org/wiki/Austin-Bergstrom_International_Airport,
3387,KAVL,large_airport,Asheville Regional Airport,35.43619919,-82.54180145,2165,NA,US,US-NC,Asheville,yes,KAVL,AVL,AVL,,http://en.wikipedia.org/wiki/Asheville_Regional_Airport,
3391,KBAB,large_airport,Beale Air Force Base,39.13610077,-121.4369965,113,NA,US,US-CA,Marysville,no,KBAB,BAB,BAB,,http://en.wikipedia.org/wiki/Beale_Air_Force_Base,
3392,KBAD,large_airport,Barksdale Air Force Base,32.50180054,-93.66269684,166,NA,US,US-LA,Bossier City,no,KBAD,BAD,BAD,,http://en.wikipedia.org/wiki/Barksdale_Air_Force_Base,
3396,KBDL,large_airport,Bradley International Airport,41.93889999,-72.68319702,173,NA,US,US-CT,Hartford,yes,KBDL,BDL,BDL,http://www.bradleyairport.com/,http://en.wikipedia.org/wiki/Bradley_International_Airport,"HFD, Hartford"
3401,KBFI,large_airport,Boeing Field King County International Airport,47.52999878,-122.302002,21,NA,US,US-WA,Seattle,yes,KBFI,BFI,BFI,,http://en.wikipedia.org/wiki/Boeing_Field,
3405,KBGR,large_airport,Bangor International Airport,44.80739975,-68.82810211,192,NA,US,US-ME,Bangor,yes,KBGR,BGR,BGR,,http://en.wikipedia.org/wiki/Bangor_International_Airport,
3406,KBHM,large_airport,Birmingham-Shuttlesworth International Airport,33.56290054,-86.75350189,650,NA,US,US-AL,Birmingham,yes,KBHM,BHM,BHM,http://www.flybirmingham.com/,http://en.wikipedia.org/wiki/Birmingham_International_Airport_(US),
3408,KBIL,large_airport,Billings Logan International Airport,45.80770111,-108.5429993,3652,NA,US,US-MT,Billings,yes,KBIL,BIL,BIL,,http://en.wikipedia.org/wiki/Billings_Logan_International_Airport,
3417,KBLV,large_airport,Scott AFB/Midamerica Airport,38.5452,-89.835197,459,NA,US,US-IL,Belleville,yes,KBLV,BLV,BLV,,http://en.wikipedia.org/wiki/Scott_Air_Force_Base,Scott Air Force Base
3419,KBMI,large_airport,Central Illinois Regional Airport at Bloomington-Normal,40.47710037,-88.91590118,871,NA,US,US-IL,Bloomington/Normal,yes,KBMI,BMI,BMI,,http://en.wikipedia.org/wiki/Central_Illinois_Regional_Airport,
3420,KBNA,large_airport,Nashville International Airport,36.12450027,-86.67819977,599,NA,US,US-TN,Nashville,yes,KBNA,BNA,BNA,,http://en.wikipedia.org/wiki/Nashville_International_Airport,
3421,KBOI,large_airport,Boise Air Terminal/Gowen Field,43.5644,-116.223,2871,NA,US,US-ID,Boise,yes,KBOI,BOI,BOI,http://www.cityofboise.org/departments/airport/,http://en.wikipedia.org/wiki/Boise_Airport,"Boise Air Terminal, Gowen Field"
3422,KBOS,large_airport,General Edward Lawrence Logan International Airport,42.36429977,-71.00520325,20,NA,US,US-MA,Boston,yes,KBOS,BOS,BOS,http://www.massport.com/logan/,http://en.wikipedia.org/wiki/Logan_International_Airport,General Edward Lawrence Logan International Airport
3431,KBUF,large_airport,Buffalo Niagara International Airport,42.94049835,-78.73220062,728,NA,US,US-NY,Buffalo,yes,KBUF,BUF,BUF,,http://en.wikipedia.org/wiki/Buffalo_Niagara_International_Airport,
3435,KBWI,large_airport,Baltimore/Washington International Thurgood Marshall Airport,39.1754,-76.668297,146,NA,US,US-MD,Baltimore,yes,KBWI,BWI,BWI,https://www.bwiairport.com/,https://en.wikipedia.org/wiki/Baltimore%E2%80%93Washington_International_Airport,WAS
3438,KCAE,large_airport,Columbia Metropolitan Airport,33.93880081,-81.11949921,236,NA,US,US-SC,Columbia,yes,KCAE,CAE,CAE,,http://en.wikipedia.org/wiki/Columbia_Metropolitan_Airport,
3441,KCBM,large_airport,Columbus Air Force Base,33.64379883,-88.44380188,219,NA,US,US-MS,Columbus,no,KCBM,CBM,CBM,,http://en.wikipedia.org/wiki/Columbus_Air_Force_Base,
3448,KCHA,large_airport,Lovell Field,35.03530121,-85.20379639,683,NA,US,US-TN,Chattanooga,yes,KCHA,CHA,CHA,,http://en.wikipedia.org/wiki/Chattanooga_Metropolitan_Airport,
3450,KCHS,large_airport,Charleston Air Force Base-International Airport,32.89860153,-80.04049683,46,NA,US,US-SC,Charleston,yes,KCHS,CHS,CHS,,http://en.wikipedia.org/wiki/Charleston_International_Airport,Charleston Air Force Base
3451,KCID,large_airport,The Eastern Iowa Airport,41.88470078,-91.71080017,869,NA,US,US-IA,Cedar Rapids,yes,KCID,CID,CID,,http://en.wikipedia.org/wiki/The_Eastern_Iowa_Airport,
3454,KCLE,large_airport,Cleveland Hopkins International Airport,41.4117012,-81.84980011,791,NA,US,US-OH,Cleveland,yes,KCLE,CLE,CLE,http://www.clevelandairport.com/,http://en.wikipedia.org/wiki/Cleveland_Hopkins_International_Airport,
3457,KCLT,large_airport,Charlotte Douglas International Airport,35.2140007,-80.94309998,748,NA,US,US-NC,Charlotte,yes,KCLT,CLT,CLT,http://www.charlotteairport.com/,http://en.wikipedia.org/wiki/Charlotte/Douglas_International_Airport,
3458,KCMH,large_airport,John Glenn Columbus International Airport,39.998001,-82.891899,815,NA,US,US-OH,Columbus,yes,KCMH,CMH,CMH,https://flycolumbus.com/,http://en.wikipedia.org/wiki/Port_Columbus_International_Airport,
3463,KCOS,large_airport,City of Colorado Springs Municipal Airport,38.805801,-104.700996,6187,NA,US,US-CO,Colorado Springs,yes,KCOS,COS,COS,https://flycos.coloradosprings.gov/,http://en.wikipedia.org/wiki/Colorado_Springs_Airport,
3466,KCRP,large_airport,Corpus Christi International Airport,27.77039909,-97.50119781,44,NA,US,US-TX,Corpus Christi,yes,KCRP,CRP,CRP,,http://en.wikipedia.org/wiki/Corpus_Christi_International_Airport,
3467,KCRW,large_airport,Yeager Airport,38.37310028,-81.59320068,981,NA,US,US-WV,Charleston,yes,KCRW,CRW,CRW,,http://en.wikipedia.org/wiki/Yeager_Airport,
3471,KCVG,large_airport,Cincinnati Northern Kentucky International Airport,39.04880142,-84.6678009,896,NA,US,US-KY,Cincinnati,yes,KCVG,CVG,CVG,,http://en.wikipedia.org/wiki/Cincinnati/Northern_Kentucky_International_Airport,
3473,KCVS,large_airport,Cannon Air Force Base,34.38280106,-103.3219986,4295,NA,US,US-NM,Clovis,no,KCVS,CVS,CVS,http://www.cannon.af.mil/,http://en.wikipedia.org/wiki/Cannon_Air_Force_Base,
3478,KDAB,large_airport,Daytona Beach International Airport,29.179899,-81.058098,34,NA,US,US-FL,Daytona Beach,yes,KDAB,DAB,DAB,,http://en.wikipedia.org/wiki/Daytona_Beach_International_Airport,
3479,KDAL,large_airport,Dallas Love Field,32.847099,-96.851799,487,NA,US,US-TX,Dallas,yes,KDAL,DAL,DAL,http://www.dallas-lovefield.com/,http://en.wikipedia.org/wiki/Dallas_Love_Field,QDF
3481,KDAY,large_airport,James M Cox Dayton International Airport,39.90240097,-84.2193985,1009,NA,US,US-OH,Dayton,yes,KDAY,DAY,DAY,,http://en.wikipedia.org/wiki/Dayton_International_Airport,
3482,KDBQ,large_airport,Dubuque Regional Airport,42.40200043,-90.70950317,1077,NA,US,US-IA,Dubuque,yes,KDBQ,DBQ,DBQ,,http://en.wikipedia.org/wiki/Dubuque_Regional_Airport,
3483,KDCA,large_airport,Ronald Reagan Washington National Airport,38.8521,-77.037697,15,NA,US,US-DC,Washington,yes,KDCA,DCA,DCA,http://www.flyreagan.com/dca/reagan-national-airport,http://en.wikipedia.org/wiki/Ronald_Reagan_Washington_National_Airport,WAS
3486,KDEN,large_airport,Denver International Airport,39.86169815,-104.6729965,5431,NA,US,US-CO,Denver,yes,KDEN,DEN,DEN,http://www.flydenver.com/,http://en.wikipedia.org/wiki/Denver_International_Airport,"DVX, KVDX"
3488,KDFW,large_airport,Dallas Fort Worth International Airport,32.896801,-97.038002,607,NA,US,US-TX,Dallas-Fort Worth,yes,KDFW,DFW,DFW,https://www.dfwairport.com/,https://en.wikipedia.org/wiki/Dallas/Fort_Worth_International_Airport,QDF
3490,KDLF,large_airport,DLF Airport,29.359501,-100.778002,1082,NA,US,US-TX,Del Rio,no,KDLF,DLF,DLF,http://www.laughlin.af.mil/,http://en.wikipedia.org/wiki/Laughlin_Air_Force_Base,"Laughlin AFB, Laughlin Field"
3491,KDLH,large_airport,Duluth International Airport,46.84209824,-92.19360352,1428,NA,US,US-MN,Duluth,yes,KDLH,DLH,DLH,http://www.duluthairport.com/,http://en.wikipedia.org/wiki/Duluth_International_Airport,"LKI, Duluth Air National Guard Base, Lakeside AFB"
3494,KDOV,large_airport,Dover Air Force Base,39.12950134,-75.46600342,24,NA,US,US-DE,Dover,no,KDOV,DOV,DOV,http://www.dover.af.mil/,http://en.wikipedia.org/wiki/Dover_Air_Force_Base,"Municipal Airport - Dover Airdrome, Dover Army Airbase, Dover Army Airfield"
3496,KDSM,large_airport,Des Moines International Airport,41.5340004,-93.6631012,958,NA,US,US-IA,Des Moines,yes,KDSM,DSM,DSM,,http://en.wikipedia.org/wiki/Des_Moines_International_Airport,
3497,KDTW,large_airport,Detroit Metropolitan Wayne County Airport,42.21239853,-83.35340118,645,NA,US,US-MI,Detroit,yes,KDTW,DTW,DTW,http://www.metroairport.com/,http://en.wikipedia.org/wiki/Detroit_Metropolitan_Wayne_County_Airport,"DTT, Detroit Metro Airport"
3499,KDYS,large_airport,Dyess Air Force Base,32.42079926,-99.854599,1789,NA,US,US-TX,Abilene,no,KDYS,DYS,DYS,http://www.dyess.af.mil/,http://en.wikipedia.org/wiki/Dyess_Air_Force_Base,
3503,KEDW,large_airport,Edwards Air Force Base,34.905399,-117.884003,2312,NA,US,US-CA,Edwards,no,KEDW,EDW,EDW,,http://en.wikipedia.org/wiki/Edwards_Air_Force_Base,
3513,KEND,large_airport,Vance Air Force Base,36.33919907,-97.91649628,1307,NA,US,US-OK,Enid,no,KEND,END,END,http://www.vance.af.mil/,http://en.wikipedia.org/wiki/Vance_Air_Force_Base,
3515,KERI,large_airport,Erie International Tom Ridge Field,42.08312701,-80.17386675,732,NA,US,US-PA,Erie,yes,KERI,ERI,ERI,,http://en.wikipedia.org/wiki/Erie_International_Airport,
3521,KEWR,large_airport,Newark Liberty International Airport,40.69250107,-74.16870117,18,NA,US,US-NJ,Newark,yes,KEWR,EWR,EWR,http://www.panynj.gov/CommutingTravel/airports/html/newarkliberty.html,http://en.wikipedia.org/wiki/Newark_Liberty_International_Airport,"Manhattan, New York City, NYC"
3528,KFFO,large_airport,Wright-Patterson Air Force Base,39.8260994,-84.0483017,823,NA,US,US-OH,Dayton,no,KFFO,FFO,FFO,http://www.wpafb.af.mil/,http://en.wikipedia.org/wiki/Wright-Patterson_Air_Force_Base,"Wilbur Wright Field, Fairfield Air Depot"
3531,KFLL,large_airport,Fort Lauderdale Hollywood International Airport,26.072599,-80.152702,9,NA,US,US-FL,Fort Lauderdale,yes,KFLL,FLL,FLL,http://www.broward.org/airport,https://en.wikipedia.org/wiki/Fort_Lauderdaleâ€“Hollywood_International_Airport,"MFW, South Florida"
3543,KFSM,large_airport,Fort Smith Regional Airport,35.33660126,-94.36740112,469,NA,US,US-AR,Fort Smith,yes,KFSM,FSM,FSM,,http://en.wikipedia.org/wiki/Fort_Smith_Regional_Airport,
3545,KFTW,large_airport,Fort Worth Meacham International Airport,32.819801,-97.362396,710,NA,US,US-TX,Fort Worth,no,KFTW,FTW,FTW,http://meacham.com/,http://en.wikipedia.org/wiki/Fort_Worth_Meacham_International_Airport,
3547,KFWA,large_airport,Fort Wayne International Airport,40.97850037,-85.19509888,814,NA,US,US-IN,Fort Wayne,yes,KFWA,FWA,FWA,https://fwairport.com/,http://en.wikipedia.org/wiki/Fort_Wayne_International_Airport,Baer Field
3552,KGEG,large_airport,Spokane International Airport,47.61989975,-117.5339966,2376,NA,US,US-WA,Spokane,yes,KGEG,GEG,GEG,,http://en.wikipedia.org/wiki/Spokane_International_Airport,
3561,KGPT,large_airport,Gulfport Biloxi International Airport,30.40730095,-89.07009888,28,NA,US,US-MS,Gulfport,yes,KGPT,GPT,GPT,,http://en.wikipedia.org/wiki/Gulfport-Biloxi_International_Airport,
3562,KGRB,large_airport,Austin Straubel International Airport,44.48509979,-88.12960052,695,NA,US,US-WI,Green Bay,yes,KGRB,GRB,GRB,,http://en.wikipedia.org/wiki/Austin_Straubel_International_Airport,
3567,KGSB,large_airport,Seymour Johnson Air Force Base,35.33940125,-77.96060181,109,NA,US,US-NC,Goldsboro,no,KGSB,GSB,GSB,http://www.seymourjohnson.af.mil/,http://en.wikipedia.org/wiki/Seymour_Johnson_Air_Force_Base,
3568,KGSO,large_airport,Piedmont Triad International Airport,36.09780121,-79.93730164,925,NA,US,US-NC,Greensboro,yes,KGSO,GSO,GSO,,http://en.wikipedia.org/wiki/Piedmont_Triad_International_Airport,
3569,KGSP,large_airport,Greenville Spartanburg International Airport,34.89569855,-82.21890259,964,NA,US,US-SC,Greenville,yes,KGSP,GSP,GSP,,http://en.wikipedia.org/wiki/Greenville-Spartanburg_International_Airport,
3573,KGUS,large_airport,Grissom Air Reserve Base,40.64810181,-86.15209961,812,NA,US,US-IN,Peru,no,KGUS,GUS,GUS,http://www.grissom.afrc.af.mil/,http://en.wikipedia.org/wiki/Grissom_Air_Reserve_Base,
3579,KHIB,large_airport,Range Regional Airport,47.38660049,-92.83899689,1354,NA,US,US-MN,Hibbing,yes,KHIB,HIB,HIB,,http://en.wikipedia.org/wiki/Range_Regional_Airport,Chisholm Hibbing Airport
3584,KHMN,large_airport,Holloman Air Force Base,32.85250092,-106.1070023,4093,NA,US,US-NM,Alamogordo,no,KHMN,HMN,HMN,http://www.holloman.af.mil/,http://en.wikipedia.org/wiki/Holloman_Air_Force_Base,Alamogordo AAF
3588,KHOU,large_airport,William P Hobby Airport,29.64539909,-95.27890015,46,NA,US,US-TX,Houston,yes,KHOU,HOU,HOU,http://www.fly2houston.com/hobbyHome,http://en.wikipedia.org/wiki/William_P._Hobby_Airport,QHO
3594,KHSV,large_airport,Huntsville International Carl T Jones Field,34.6371994,-86.77510071,629,NA,US,US-AL,Huntsville,yes,KHSV,HSV,HSV,http://www.flyhuntsville.com/portal/#.VbaG-_lVhBc,http://en.wikipedia.org/wiki/Huntsville_International_Airport,
3595,KHTS,large_airport,Tri-State/Milton J. Ferguson Field,38.36669922,-82.55799866,828,NA,US,US-WV,Huntington,yes,KHTS,HTS,HTS,,http://en.wikipedia.org/wiki/Tri-State_Airport,
3602,KIAD,large_airport,Washington Dulles International Airport,38.94449997,-77.45580292,312,NA,US,US-DC,Washington,yes,KIAD,IAD,IAD,http://www.mwaa.com/dulles/,http://en.wikipedia.org/wiki/Washington_Dulles_International_Airport,WAS
3604,KIAH,large_airport,George Bush Intercontinental Houston Airport,29.9843998,-95.34140015,97,NA,US,US-TX,Houston,yes,KIAH,IAH,IAH,http://www.fly2houston.com/iah,http://en.wikipedia.org/wiki/George_Bush_Intercontinental_Airport,QHO
3605,KICT,large_airport,Wichita Eisenhower National Airport,37.649899,-97.433098,1333,NA,US,US-KS,Wichita,yes,KICT,ICT,ICT,,https://en.wikipedia.org/wiki/Wichita_Dwight_D._Eisenhower_National_Airport,
3610,KIND,large_airport,Indianapolis International Airport,39.7173,-86.294403,797,NA,US,US-IN,Indianapolis,yes,KIND,IND,IND,http://www.indianapolisairport.com/,http://en.wikipedia.org/wiki/Indianapolis_International_Airport,
3619,KJAN,large_airport,Jackson-Medgar Wiley Evers International Airport,32.31119919,-90.07589722,346,NA,US,US-MS,Jackson,yes,KJAN,JAN,JAN,,http://en.wikipedia.org/wiki/Jackson-Evers_International_Airport,
3620,KJAX,large_airport,Jacksonville International Airport,30.49410057,-81.68789673,30,NA,US,US-FL,Jacksonville,yes,KJAX,JAX,JAX,,http://en.wikipedia.org/wiki/Jacksonville_International_Airport,
3622,KJFK,large_airport,John F Kennedy International Airport,40.63980103,-73.77890015,13,NA,US,US-NY,New York,yes,KJFK,JFK,JFK,http://www.panynj.gov/CommutingTravel/airports/html/kennedy.html,http://en.wikipedia.org/wiki/John_F._Kennedy_International_Airport,"Manhattan, New York City, NYC, Idlewild"
3623,KJLN,large_airport,Joplin Regional Airport,37.15179825,-94.49829865,981,NA,US,US-MO,Joplin,yes,KJLN,JLN,JLN,,http://en.wikipedia.org/wiki/Joplin_Regional_Airport,
3631,KLAS,large_airport,McCarran International Airport,36.08010101,-115.1520004,2181,NA,US,US-NV,Las Vegas,yes,KLAS,LAS,LAS,http://www.mccarran.com/,http://en.wikipedia.org/wiki/McCarran_International_Airport,
3632,KLAX,large_airport,Los Angeles International Airport,33.94250107,-118.4079971,125,NA,US,US-CA,Los Angeles,yes,KLAX,LAX,LAX,http://www.iflylax.com/,http://en.wikipedia.org/wiki/Los_Angeles_International_Airport,
3633,KLBB,large_airport,Lubbock Preston Smith International Airport,33.663601,-101.822998,3282,NA,US,US-TX,Lubbock,yes,KLBB,LBB,LBB,http://www.flylia.com/,http://en.wikipedia.org/wiki/Lubbock_Preston_Smith_International_Airport,
3638,KLCK,large_airport,Rickenbacker International Airport,39.813801,-82.927803,744,NA,US,US-OH,Columbus,yes,KLCK,LCK,LCK,http://rickenbackerinlandport.com/en/rickenbacker-international-airport/,http://en.wikipedia.org/wiki/Rickenbacker_International_Airport,Lockbourne Army Air Field
3640,KLEX,large_airport,Blue Grass Airport,38.03649902,-84.60590363,979,NA,US,US-KY,Lexington,yes,KLEX,LEX,LEX,http://www.bluegrassairport.com/,http://en.wikipedia.org/wiki/Blue_Grass_Airport,
3641,KLFI,large_airport,Langley Air Force Base,37.082901,-76.36049652,11,NA,US,US-VA,Hampton,no,KLFI,LFI,LFI,http://www.langleyafb.us/,http://en.wikipedia.org/wiki/Langley_Field,Langley Field
3642,KLFT,large_airport,Lafayette Regional Airport,30.20529938,-91.98760223,42,NA,US,US-LA,Lafayette,yes,KLFT,LFT,LFT,http://www.lftairport.com/Home,http://en.wikipedia.org/wiki/Lafayette_Regional_Airport,
3643,KLGA,large_airport,La Guardia Airport,40.77719879,-73.87259674,21,NA,US,US-NY,New York,yes,KLGA,LGA,LGA,http://www.panynj.gov/CommutingTravel/airports/html/laguardia.html,http://en.wikipedia.org/wiki/LaGuardia_Airport,"Manhattan, New York City, NYC, Glenn H. Curtiss Airport, North Beach Airport, La Guardia"
3645,KLIT,large_airport,Bill & Hillary Clinton National Airport/Adams Field,34.72940063,-92.22429657,262,NA,US,US-AR,Little Rock,yes,KLIT,LIT,LIT,,http://en.wikipedia.org/wiki/Little_Rock_National_Airport,
3657,KLTS,large_airport,Altus Air Force Base,34.667099,-99.26670074,1382,NA,US,US-OK,Altus,no,KLTS,LTS,LTS,http://www.altus.af.mil/,http://en.wikipedia.org/wiki/Altus_Air_Force_Base,
3658,KLUF,large_airport,Luke Air Force Base,33.53499985,-112.3830032,1085,NA,US,US-AZ,Glendale,no,KLUF,LUF,LUF,http://www.luke.af.mil/,http://en.wikipedia.org/wiki/Luke_Air_Force_Base,
3664,KMBS,large_airport,MBS International Airport,43.53290176,-84.07959747,668,NA,US,US-MI,Saginaw,yes,KMBS,MBS,MBS,http://www.mbsairport.org/,http://en.wikipedia.org/wiki/MBS_International_Airport,"Tri City Airport, Midland, Bay City"
3667,KMCF,large_airport,Mac Dill Air Force Base,27.84930038,-82.52120209,14,NA,US,US-FL,Tampa,no,KMCF,MCF,MCF,http://www.macdill.af.mil/,http://en.wikipedia.org/wiki/MacDill_Air_Force_Base,"Southeast Air Base - Tampa, MacDill Field"
3668,KMCI,large_airport,Kansas City International Airport,39.2976,-94.713898,1026,NA,US,US-MO,Kansas City,yes,KMCI,MCI,MCI,http://www.flykci.com/,https://en.wikipedia.org/wiki/Kansas_City_International_Airport,
3670,KMCO,large_airport,Orlando International Airport,28.42939949,-81.30899811,96,NA,US,US-FL,Orlando,yes,KMCO,MCO,MCO,http://www.orlandoairports.net/,http://en.wikipedia.org/wiki/Orlando_International_Airport,"Disney World,Epcot Center"
3673,KMDW,large_airport,Chicago Midway International Airport,41.785999,-87.752403,620,NA,US,US-IL,Chicago,yes,KMDW,MDW,MDW,https://www.flychicago.com/midway/home/pages/default.aspx,https://en.wikipedia.org/wiki/Midway_International_Airport,CHI
3675,KMEM,large_airport,Memphis International Airport,35.04240036,-89.97669983,341,NA,US,US-TN,Memphis,yes,KMEM,MEM,MEM,,http://en.wikipedia.org/wiki/Memphis_International_Airport,
3680,KMGE,large_airport,Dobbins Air Reserve Base,33.91540146,-84.51629639,1068,NA,US,US-GA,Marietta,no,KMGE,MGE,MGE,http://www.dobbins.afrc.af.mil/,http://en.wikipedia.org/wiki/Dobbins_Air_Reserve_Base,"Rickenbacker Field, Marietta AAF, Marietta AFB, Dobbins AFB"
3681,KMGM,large_airport,Montgomery Regional (Dannelly Field) Airport,32.30059814,-86.39399719,221,NA,US,US-AL,Montgomery,yes,KMGM,MGM,MGM,http://www.flymgm.com/,http://en.wikipedia.org/wiki/Montgomery_Regional_Airport,
3684,KMHT,large_airport,Manchester-Boston Regional Airport,42.932598,-71.435699,266,NA,US,US-NH,Manchester,yes,KMHT,MHT,MHT,,http://en.wikipedia.org/wiki/Manchester-Boston_Regional_Airport,
3685,KMIA,large_airport,Miami International Airport,25.79319954,-80.29060364,8,NA,US,US-FL,Miami,yes,KMIA,MIA,MIA,http://www.miami-airport.com/,http://en.wikipedia.org/wiki/Miami_International_Airport,"MFW, South Florida"
3690,KMKE,large_airport,General Mitchell International Airport,42.94720078,-87.89659882,723,NA,US,US-WI,Milwaukee,yes,KMKE,MKE,MKE,,http://en.wikipedia.org/wiki/General_Mitchell_International_Airport,
3695,KMLI,large_airport,Quad City International Airport,41.44850159,-90.50749969,590,NA,US,US-IL,Moline,yes,KMLI,MLI,MLI,,http://en.wikipedia.org/wiki/Quad_City_International_Airport,
3697,KMLU,large_airport,Monroe Regional Airport,32.51089859,-92.03769684,79,NA,US,US-LA,Monroe,yes,KMLU,MLU,MLU,,http://en.wikipedia.org/wiki/Monroe_Regional_Airport,
3700,KMOB,large_airport,Mobile Regional Airport,30.69120026,-88.24279785,219,NA,US,US-AL,Mobile,yes,KMOB,MOB,MOB,http://www.mobairport.com/,http://en.wikipedia.org/wiki/Mobile_Regional_Airport,
3707,KMSN,large_airport,Dane County Regional Truax Field,43.13990021,-89.33750153,887,NA,US,US-WI,Madison,yes,KMSN,MSN,MSN,,http://en.wikipedia.org/wiki/Dane_County_Regional_Airport,
3709,KMSP,large_airport,Minneapolis-St Paul International/Wold-Chamberlain Airport,44.882,-93.221802,841,NA,US,US-MN,Minneapolis,yes,KMSP,MSP,MSP,http://www.mspairport.com/,https://en.wikipedia.org/wiki/Minneapolisâ€“Saint_Paul_International_Airport,
3711,KMSY,large_airport,Louis Armstrong New Orleans International Airport,29.99340057,-90.25800323,4,NA,US,US-LA,New Orleans,yes,KMSY,MSY,MSY,,http://en.wikipedia.org/wiki/Louis_Armstrong_New_Orleans_International_Airport,
3715,KMUO,large_airport,Mountain Home Air Force Base,43.043598,-115.872002,2996,NA,US,US-ID,Mountain Home,no,KMUO,MUO,MUO,http://www.mountainhome.af.mil/,https://en.wikipedia.org/wiki/Mountain_Home_Air_Force_Base,
3744,KOAK,large_airport,Metropolitan Oakland International Airport,37.721298,-122.221001,9,NA,US,US-CA,Oakland,yes,KOAK,OAK,OAK,http://www.oaklandairport.com/,http://en.wikipedia.org/wiki/Oakland_International_Airport,"QSF, QBA"
3747,KOKC,large_airport,Will Rogers World Airport,35.39310074,-97.60070038,1295,NA,US,US-OK,Oklahoma City,yes,KOKC,OKC,OKC,,http://en.wikipedia.org/wiki/Will_Rogers_World_Airport,
3751,KOMA,large_airport,Eppley Airfield,41.3032,-95.894096,984,NA,US,US-NE,Omaha,yes,KOMA,OMA,OMA,,http://en.wikipedia.org/wiki/Eppley_Airfield,
3752,KONT,large_airport,Ontario International Airport,34.05599976,-117.6009979,944,NA,US,US-CA,Ontario,yes,KONT,ONT,ONT,,http://en.wikipedia.org/wiki/LA/Ontario_International_Airport,
3754,KORD,large_airport,Chicago O'Hare International Airport,41.9786,-87.9048,672,NA,US,US-IL,Chicago,yes,KORD,ORD,ORD,https://www.flychicago.com/ohare/home/pages/default.aspx,http://en.wikipedia.org/wiki/O'Hare_International_Airport,"CHI, Orchard Place"
3755,KORF,large_airport,Norfolk International Airport,36.89459991,-76.20120239,26,NA,US,US-VA,Norfolk,yes,KORF,ORF,ORF,,http://en.wikipedia.org/wiki/Norfolk_International_Airport,
3765,KPAM,large_airport,Tyndall Air Force Base,30.06959915,-85.57540131,17,NA,US,US-FL,Panama City,no,KPAM,PAM,PAM,http://www.tyndall.af.mil/,http://en.wikipedia.org/wiki/Tyndall_Air_Force_Base,
3766,KPBI,large_airport,Palm Beach International Airport,26.68320084,-80.09559631,19,NA,US,US-FL,West Palm Beach,yes,KPBI,PBI,PBI,,http://en.wikipedia.org/wiki/Palm_Beach_International_Airport,"MFW, South Florida"
3768,KPDX,large_airport,Portland International Airport,45.58869934,-122.5979996,31,NA,US,US-OR,Portland,yes,KPDX,PDX,PDX,,http://en.wikipedia.org/wiki/Portland_International_Airport,
3770,KPHF,large_airport,Newport News Williamsburg International Airport,37.13190079,-76.49299622,42,NA,US,US-VA,Newport News,yes,KPHF,PHF,PHF,,http://en.wikipedia.org/wiki/Newport_News/Williamsburg_International_Airport,
3771,KPHL,large_airport,Philadelphia International Airport,39.87189865,-75.2410965,36,NA,US,US-PA,Philadelphia,yes,KPHL,PHL,PHL,http://www.phl.org/,http://en.wikipedia.org/wiki/Philadelphia_International_Airport,
3772,KPHX,large_airport,Phoenix Sky Harbor International Airport,33.43429947,-112.012001,1135,NA,US,US-AZ,Phoenix,yes,KPHX,PHX,PHX,http://phoenix.gov/skyharborairport/,http://en.wikipedia.org/wiki/Phoenix_Sky_Harbor_International_Airport,
3773,KPIA,large_airport,General Wayne A. Downing Peoria International Airport,40.66419983,-89.69329834,660,NA,US,US-IL,Peoria,yes,KPIA,PIA,PIA,,http://en.wikipedia.org/wiki/General_Wayne_A._Downing_Peoria_International_Airport,Peoria International Airport
3778,KPIT,large_airport,Pittsburgh International Airport,40.49150085,-80.23290253,1203,NA,US,US-PA,Pittsburgh,yes,KPIT,PIT,PIT,,http://en.wikipedia.org/wiki/Pittsburgh_International_Airport,
3795,KPVD,large_airport,Theodore Francis Green State Airport,41.732601,-71.420403,55,NA,US,US-RI,Providence,yes,KPVD,PVD,PVD,,http://en.wikipedia.org/wiki/T._F._Green_Airport,
3796,KPWM,large_airport,Portland International Jetport Airport,43.64619827,-70.30930328,76,NA,US,US-ME,Portland,yes,KPWM,PWM,PWM,,http://en.wikipedia.org/wiki/Portland_International_Jetport,
3844,KRDU,large_airport,Raleigh Durham International Airport,35.87760162,-78.78749847,435,NA,US,US-NC,Raleigh/Durham,yes,KRDU,RDU,RDU,,http://en.wikipedia.org/wiki/Raleigh-Durham_International_Airport,
3845,KRFD,large_airport,Chicago Rockford International Airport,42.19540024,-89.09719849,742,NA,US,US-IL,Chicago/Rockford,yes,KRFD,RFD,RFD,,http://en.wikipedia.org/wiki/Chicago/Rockford_International_Airport,
3847,KRIC,large_airport,Richmond International Airport,37.50519943,-77.31970215,167,NA,US,US-VA,Richmond,yes,KRIC,RIC,RIC,,http://en.wikipedia.org/wiki/Richmond_International_Airport,
3852,KRND,large_airport,Randolph Air Force Base,29.52969933,-98.27890015,761,NA,US,US-TX,Universal City,no,KRND,RND,RND,http://www.military.com/base-guide/randolph-air-force-base,http://en.wikipedia.org/wiki/Randolph_Air_Force_Base,
3853,KRNO,large_airport,Reno Tahoe International Airport,39.49909973,-119.7679977,4415,NA,US,US-NV,Reno,yes,KRNO,RNO,RNO,,http://en.wikipedia.org/wiki/Reno-Tahoe_International_Airport,
3854,KROA,large_airport,Roanokeâ€“Blacksburg Regional Airport,37.3255,-79.975403,1175,NA,US,US-VA,Roanoke,yes,KROA,ROA,ROA,http://www.roanokeairport.com/,http://en.wikipedia.org/wiki/Roanoke%E2%80%93Blacksburg_Regional_Airport,Woodrum Field
3855,KROC,large_airport,Greater Rochester International Airport,43.1189003,-77.67240143,559,NA,US,US-NY,Rochester,yes,KROC,ROC,ROC,,http://en.wikipedia.org/wiki/Greater_Rochester_International_Airport,
3857,KRST,large_airport,Rochester International Airport,43.90829849,-92.5,1317,NA,US,US-MN,Rochester,yes,KRST,RST,RST,,http://en.wikipedia.org/wiki/Rochester_International_Airport,
3858,KRSW,large_airport,Southwest Florida International Airport,26.53619957,-81.75520325,30,NA,US,US-FL,Fort Myers,yes,KRSW,RSW,RSW,http://www.flylcpa.com/,http://en.wikipedia.org/wiki/Southwest_Florida_International_Airport,
3862,KSAN,large_airport,San Diego International Airport,32.73360062,-117.1900024,17,NA,US,US-CA,San Diego,yes,KSAN,SAN,SAN,http://www.san.org/,http://en.wikipedia.org/wiki/San_Diego_International_Airport,Lindbergh Field
3863,KSAT,large_airport,San Antonio International Airport,29.53370094,-98.46980286,809,NA,US,US-TX,San Antonio,yes,KSAT,SAT,SAT,,http://en.wikipedia.org/wiki/San_Antonio_International_Airport,
3864,KSAV,large_airport,Savannah Hilton Head International Airport,32.12760162,-81.20210266,50,NA,US,US-GA,Savannah,yes,KSAV,SAV,SAV,,http://en.wikipedia.org/wiki/Savannah/Hilton_Head_International_Airport,
3868,KSBN,large_airport,South Bend Regional Airport,41.70869827,-86.31729889,799,NA,US,US-IN,South Bend,yes,KSBN,SBN,SBN,,http://en.wikipedia.org/wiki/South_Bend_Regional_Airport,
3873,KSDF,large_airport,Louisville International Standiford Field,38.1744,-85.736,501,NA,US,US-KY,Louisville,yes,KSDF,SDF,SDF,http://www.flylouisville.com,http://en.wikipedia.org/wiki/Louisville_International_Airport,
3875,KSEA,large_airport,Seattle Tacoma International Airport,47.449001,-122.308998,433,NA,US,US-WA,Seattle,yes,KSEA,SEA,SEA,http://www.portseattle.org/seatac/,https://en.wikipedia.org/wiki/Seattleâ€“Tacoma_International_Airport,
3876,KSFB,large_airport,Orlando Sanford International Airport,28.77759933,-81.23750305,55,NA,US,US-FL,Orlando,yes,KSFB,SFB,SFB,,http://en.wikipedia.org/wiki/Orlando_Sanford_International_Airport,
3878,KSFO,large_airport,San Francisco International Airport,37.61899948,-122.375,13,NA,US,US-CA,San Francisco,yes,KSFO,SFO,SFO,http://www.flysfo.com/,http://en.wikipedia.org/wiki/San_Francisco_International_Airport,"QSF, QBA"
3879,KSGF,large_airport,Springfield Branson National Airport,37.24570084,-93.38860321,1268,NA,US,US-MO,Springfield,yes,KSGF,SGF,SGF,,http://en.wikipedia.org/wiki/Springfield/Branson_National_Airport,
3883,KSJC,large_airport,Norman Y. Mineta San Jose International Airport,37.362598,-121.929001,62,NA,US,US-CA,San Jose,yes,KSJC,SJC,SJC,http://www.flysanjose.com/,http://en.wikipedia.org/wiki/San_Jose_International_Airport,"QSF, QBA"
3885,KSKA,large_airport,Fairchild Air Force Base,47.61510086,-117.6559982,2461,NA,US,US-WA,Spokane,no,KSKA,SKA,SKA,http://www.fairchild.af.mil/,http://en.wikipedia.org/wiki/Fairchild_Air_Force_Base,
3887,KSLC,large_airport,Salt Lake City International Airport,40.78839874,-111.9779968,4227,NA,US,US-UT,Salt Lake City,yes,KSLC,SLC,SLC,,http://en.wikipedia.org/wiki/Salt_Lake_City_International_Airport,
3892,KSMF,large_airport,Sacramento International Airport,38.69540024,-121.5910034,27,NA,US,US-CA,Sacramento,yes,KSMF,SMF,SMF,,http://en.wikipedia.org/wiki/Sacramento_International_Airport,
3894,KSNA,large_airport,John Wayne Airport-Orange County Airport,33.67570114,-117.8679962,56,NA,US,US-CA,Santa Ana,yes,KSNA,SNA,SNA,http://www.ocair.com/,http://en.wikipedia.org/wiki/John_Wayne_Airport,"Disney, Disneyland, Orange County"
3897,KSPI,large_airport,Abraham Lincoln Capital Airport,39.84410095,-89.67790222,598,NA,US,US-IL,Springfield,yes,KSPI,SPI,SPI,,http://en.wikipedia.org/wiki/Abraham_Lincoln_Capital_Airport,
3898,KSPS,large_airport,Sheppard Air Force Base-Wichita Falls Municipal Airport,33.9888,-98.491898,1019,NA,US,US-TX,Wichita Falls,yes,KSPS,SPS,SPS,http://www.flywichitafalls.net/,http://en.wikipedia.org/wiki/Wichita_Falls_Municipal_Airport,Sheppard Air Force Base
3899,KSRQ,large_airport,Sarasota Bradenton International Airport,27.39539909,-82.55439758,30,NA,US,US-FL,Sarasota/Bradenton,yes,KSRQ,SRQ,SRQ,,http://en.wikipedia.org/wiki/Sarasota-Bradenton_International_Airport,
3901,KSSC,large_airport,Shaw Air Force Base,33.97269821,-80.47059631,241,NA,US,US-SC,Sumter,no,KSSC,SSC,SSC,http://www.shaw.af.mil/,http://en.wikipedia.org/wiki/Shaw_Air_Force_Base,
3905,KSTL,large_airport,St Louis Lambert International Airport,38.748697,-90.370003,618,NA,US,US-MO,St Louis,yes,KSTL,STL,STL,https://www.flystl.com/,https://en.wikipedia.org/wiki/St._Louis_Lambert_International_Airport,Lambert St Louis
3907,KSUS,large_airport,Spirit of St Louis Airport,38.66210175,-90.65200043,463,NA,US,US-MO,St Louis,no,KSUS,SUS,SUS,http://spiritairport.com/spiritairport/index.jsp,http://en.wikipedia.org/wiki/Spirit_of_St._Louis_Airport,
3908,KSUU,large_airport,Travis Air Force Base,38.26269913,-121.927002,62,NA,US,US-CA,Fairfield,no,KSUU,SUU,SUU,http://www.travis.af.mil/,http://en.wikipedia.org/wiki/Travis_Air_Force_Base,
3909,KSUX,large_airport,Sioux Gateway Col. Bud Day Field,42.40259933,-96.38439941,1098,NA,US,US-IA,Sioux City,yes,KSUX,SUX,SUX,,http://en.wikipedia.org/wiki/Sioux_Gateway_Airport,
3913,KSYR,large_airport,Syracuse Hancock International Airport,43.11119843,-76.10630035,421,NA,US,US-NY,Syracuse,yes,KSYR,SYR,SYR,http://www.syrairport.org/,http://en.wikipedia.org/wiki/Syracuse_Hancock_International_Airport,
3914,KSZL,large_airport,Whiteman Air Force Base,38.7303009,-93.54789734,870,NA,US,US-MO,Knob Noster,no,KSZL,SZL,SZL,http://www.whiteman.af.mil/,http://en.wikipedia.org/wiki/Whiteman_Air_Force_Base,Sedalia Glider Base
3918,KTCM,large_airport,McChord Air Force Base,47.13769913,-122.4759979,322,NA,US,US-WA,Tacoma,no,KTCM,TCM,TCM,,http://en.wikipedia.org/wiki/McChord_Air_Force_Base,
3921,KTIK,large_airport,Tinker Air Force Base,35.41469955,-97.38659668,1291,NA,US,US-OK,Oklahoma City,no,KTIK,TIK,TIK,http://www.tinker.af.mil/,https://en.wikipedia.org/wiki/Tinker_Air_Force_Base,Midwest Air Depot
3924,KTLH,large_airport,Tallahassee Regional Airport,30.39649963,-84.35030365,81,NA,US,US-FL,Tallahassee,yes,KTLH,TLH,TLH,,http://en.wikipedia.org/wiki/Tallahassee_Regional_Airport,
3925,KTOL,large_airport,Toledo Express Airport,41.58679962,-83.80780029,683,NA,US,US-OH,Toledo,yes,KTOL,TOL,TOL,,http://en.wikipedia.org/wiki/Toledo_Express_Airport,
3926,KTPA,large_airport,Tampa International Airport,27.97550011,-82.53320313,26,NA,US,US-FL,Tampa,yes,KTPA,TPA,TPA,,http://en.wikipedia.org/wiki/Tampa_International_Airport,
3928,KTRI,large_airport,Tri-Cities Regional TN/VA Airport,36.475201,-82.407401,1519,NA,US,US-TN,Bristol/Johnson/Kingsport,yes,KTRI,TRI,TRI,,http://en.wikipedia.org/wiki/Tri-Cities_Regional_Airport,
3930,KTUL,large_airport,Tulsa International Airport,36.19839859,-95.88809967,677,NA,US,US-OK,Tulsa,yes,KTUL,TUL,TUL,,http://en.wikipedia.org/wiki/Tulsa_International_Airport,
3932,KTUS,large_airport,Tucson International Airport,32.11610031,-110.9410019,2643,NA,US,US-AZ,Tucson,yes,KTUS,TUS,TUS,,http://en.wikipedia.org/wiki/Tucson_International_Airport,
3938,KTYS,large_airport,McGhee Tyson Airport,35.81100082,-83.9940033,981,NA,US,US-TN,Knoxville,yes,KTYS,TYS,TYS,,http://en.wikipedia.org/wiki/McGhee_Tyson_Airport,
3944,KVBG,large_airport,Vandenberg Air Force Base,34.73730087,-120.5839996,369,NA,US,US-CA,Lompoc,no,KVBG,VBG,VBG,,http://en.wikipedia.org/wiki/Vandenberg_Air_Force_Base,
3948,KVPS,large_airport,Destin-Ft Walton Beach Airport,30.4832,-86.525398,87,NA,US,US-FL,Valparaiso,yes,KVPS,VPS,VPS,http://www.flyvps.com/,https://en.wikipedia.org/wiki/Destin%E2%80%93Fort_Walton_Beach_Airport,Eglin AFB
3951,KWRB,large_airport,Robins Air Force Base,32.64009857,-83.59190369,294,NA,US,US-GA,Warner Robins,no,KWRB,WRB,WRB,http://www.robins.af.mil/,https://en.wikipedia.org/wiki/Robins_Air_Force_Base,
5360,PAFA,large_airport,Fairbanks International Airport,64.81510162,-147.8560028,439,NA,US,US-AK,Fairbanks,yes,PAFA,FAI,FAI,,http://en.wikipedia.org/wiki/Fairbanks_International_Airport,
5388,PANC,large_airport,Ted Stevens Anchorage International Airport,61.17440033,-149.9960022,152,NA,US,US-AK,Anchorage,yes,PANC,ANC,ANC,,http://en.wikipedia.org/wiki/Ted_Stevens_Anchorage_International_Airport,
5453,PHNL,large_airport,Daniel K Inouye International Airport,21.32062,-157.924228,13,NA,US,US-HI,Honolulu,yes,PHNL,HNL,HNL,http://airports.hawaii.gov/hnl/,https://en.wikipedia.org/wiki/Daniel_K._Inouye_International_Airport,"Hickam Air Force Base, HIK, PHIK, KHNL, Honolulu International"
317314,US-0303,large_airport,atl,33.137551,-84.375,,NA,US,US-U-A,,yes,,,,,,
